{"initial_reset_timestamp": 1719221725.712324, "timestamps": [1719221726.2338219, 1719221726.4844644, 1719221726.7227914, 1719221726.9756927, 1719221727.2362237], "episode_lengths": [16, 16, 15, 16, 15], "episode_rewards": [148.31411919442593, 148.4835442969732, 138.79406484560968, 148.44377951105366, 138.99209938928354], "episode_types": ["t", "t", "t", "t", "t"]}